-- ============================================
-- Script SQL gerado automaticamente
-- Backup: SisRealDriver_Backup_2025-12-24_12-27-38.json
-- Data: 2025-12-24 16:43:56
-- ============================================

USE `u179630068_realdriver`;

-- Desabilitar verificações temporariamente para inserção rápida
SET FOREIGN_KEY_CHECKS = 0;
SET AUTOCOMMIT = 0;

START TRANSACTION;

-- ============================================
-- MOTORISTAS
-- ============================================

INSERT INTO motoristas (id, nome, cpf, cnh, telefone, endereco, status) VALUES (2, 'Aline Dias Sabino', '082.542.186-17', 04860362555, 31998529634, 'Rua Cristiano Otoni, 11, Primeiro de Maio, Ouro Branco/MG', 'Ativo') ON DUPLICATE KEY UPDATE nome = 'Aline Dias Sabino', cpf = '082.542.186-17', cnh = 04860362555, telefone = 31998529634, endereco = 'Rua Cristiano Otoni, 11, Primeiro de Maio, Ouro Branco/MG', status = 'Ativo';
INSERT INTO motoristas (id, nome, cpf, cnh, telefone, endereco, status) VALUES (3, 'Lucas Davidson Souza Marinho', '149.272.236-71', 074459908571, 31995999153, 'Rua Lafersa, 742, Siderurgia, Ouro Branco MG', 'Ativo') ON DUPLICATE KEY UPDATE nome = 'Lucas Davidson Souza Marinho', cpf = '149.272.236-71', cnh = 074459908571, telefone = 31995999153, endereco = 'Rua Lafersa, 742, Siderurgia, Ouro Branco MG', status = 'Ativo';
INSERT INTO motoristas (id, nome, cpf, cnh, telefone, endereco, status) VALUES (4, 'Léia Paz Gonçalves Moreira', '611.634.906-44', 04175191079, 31992826721, 'Rua Nuno José Vieira, 198, Centro, Ouro Branco/MG.', 'Ativo') ON DUPLICATE KEY UPDATE nome = 'Léia Paz Gonçalves Moreira', cpf = '611.634.906-44', cnh = 04175191079, telefone = 31992826721, endereco = 'Rua Nuno José Vieira, 198, Centro, Ouro Branco/MG.', status = 'Ativo';
INSERT INTO motoristas (id, nome, cpf, cnh, telefone, endereco, status) VALUES (5, 'Francisco José Caetano', 07358297644, 04166895311, 31981195524, 'Rua Rouxinol, 88, Serra, Ouro Branco MG', 'Ativo') ON DUPLICATE KEY UPDATE nome = 'Francisco José Caetano', cpf = 07358297644, cnh = 04166895311, telefone = 31981195524, endereco = 'Rua Rouxinol, 88, Serra, Ouro Branco MG', status = 'Ativo';

-- ============================================
-- VEÍCULOS
-- ============================================

INSERT INTO veiculos (id, modelo, marca, placa, ano, cor, motorista_id, status) VALUES (1, 'CRUZE LT 1.8 16V FlexPower 4p Aut.', 'GM - Chevrolet', 'PWI9H80', 2015, 'Prata', 5, 'Ativo') ON DUPLICATE KEY UPDATE modelo = 'CRUZE LT 1.8 16V FlexPower 4p Aut.', marca = 'GM - Chevrolet', ano = 2015, cor = 'Prata', motorista_id = 5, status = 'Ativo';
INSERT INTO veiculos (id, modelo, marca, placa, ano, cor, motorista_id, status) VALUES (2, 'VERSA S 1.6 16V Flex Fuel 4p Mec.', 'Nissan', 'NXX5G28', 2012, 'Prata', 2, 'Ativo') ON DUPLICATE KEY UPDATE modelo = 'VERSA S 1.6 16V Flex Fuel 4p Mec.', marca = 'Nissan', ano = 2012, cor = 'Prata', motorista_id = 2, status = 'Ativo';
INSERT INTO veiculos (id, modelo, marca, placa, ano, cor, motorista_id, status) VALUES (3, 'AGILE LTZ 1.4 MPFI 8V FlexPower 5p', 'GM - Chevrolet', 'LUD3A39', 2010, 'Prata', 4, 'Ativo') ON DUPLICATE KEY UPDATE modelo = 'AGILE LTZ 1.4 MPFI 8V FlexPower 5p', marca = 'GM - Chevrolet', ano = 2010, cor = 'Prata', motorista_id = 4, status = 'Ativo';
INSERT INTO veiculos (id, modelo, marca, placa, ano, cor, motorista_id, status) VALUES (4, 'VW/VOYAGE TL MA', 'VW/VOLKSWAGEN', 'PPG8A42', 2016, 'BRANCA', 3, 'Ativo') ON DUPLICATE KEY UPDATE modelo = 'VW/VOYAGE TL MA', marca = 'VW/VOLKSWAGEN', ano = 2016, cor = 'BRANCA', motorista_id = 3, status = 'Ativo';

-- ============================================
-- DIÁRIAS
-- ============================================

INSERT INTO diarias (id, motorista_id, veiculo_id, data, valor, status) VALUES (6, 4, 3, '2025-10-06', 57.43, 'Pago') ON DUPLICATE KEY UPDATE motorista_id = 4, veiculo_id = 3, data = '2025-10-06', valor = 57.43, status = 'Pago';
INSERT INTO diarias (id, motorista_id, veiculo_id, data, valor, status) VALUES (7, 4, 3, '2025-10-06', 35.71, 'Pago') ON DUPLICATE KEY UPDATE motorista_id = 4, veiculo_id = 3, data = '2025-10-06', valor = 35.71, status = 'Pago';
INSERT INTO diarias (id, motorista_id, veiculo_id, data, valor, status) VALUES (8, 4, 3, '2025-10-08', 71.43, 'Pago') ON DUPLICATE KEY UPDATE motorista_id = 4, veiculo_id = 3, data = '2025-10-08', valor = 71.43, status = 'Pago';
INSERT INTO diarias (id, motorista_id, veiculo_id, data, valor, status) VALUES (9, 4, 3, '2025-10-08', 71.43, 'Pago') ON DUPLICATE KEY UPDATE motorista_id = 4, veiculo_id = 3, data = '2025-10-08', valor = 71.43, status = 'Pago';
INSERT INTO diarias (id, motorista_id, veiculo_id, data, valor, status) VALUES (10, 4, 3, '2025-10-09', 71.43, 'Pago') ON DUPLICATE KEY UPDATE motorista_id = 4, veiculo_id = 3, data = '2025-10-09', valor = 71.43, status = 'Pago';
INSERT INTO diarias (id, motorista_id, veiculo_id, data, valor, status) VALUES (11, 4, 3, '2025-10-09', 15.30, 'Pago') ON DUPLICATE KEY UPDATE motorista_id = 4, veiculo_id = 3, data = '2025-10-09', valor = 15.30, status = 'Pago';
INSERT INTO diarias (id, motorista_id, veiculo_id, data, valor, status) VALUES (12, 4, 3, '2025-10-10', 71.43, 'Pago') ON DUPLICATE KEY UPDATE motorista_id = 4, veiculo_id = 3, data = '2025-10-10', valor = 71.43, status = 'Pago';
INSERT INTO diarias (id, motorista_id, veiculo_id, data, valor, status) VALUES (13, 4, 3, '2025-10-11', 71.43, 'Pago') ON DUPLICATE KEY UPDATE motorista_id = 4, veiculo_id = 3, data = '2025-10-11', valor = 71.43, status = 'Pago';
INSERT INTO diarias (id, motorista_id, veiculo_id, data, valor, status) VALUES (14, 4, 3, '2025-10-12', 71.43, 'Pago') ON DUPLICATE KEY UPDATE motorista_id = 4, veiculo_id = 3, data = '2025-10-12', valor = 71.43, status = 'Pago';
INSERT INTO diarias (id, motorista_id, veiculo_id, data, valor, status) VALUES (15, 4, 3, '2025-10-13', 50.00, 'Pago') ON DUPLICATE KEY UPDATE motorista_id = 4, veiculo_id = 3, data = '2025-10-13', valor = 50.00, status = 'Pago';
INSERT INTO diarias (id, motorista_id, veiculo_id, data, valor, status) VALUES (17, 4, 3, '2025-10-14', 71.43, 'Pago') ON DUPLICATE KEY UPDATE motorista_id = 4, veiculo_id = 3, data = '2025-10-14', valor = 71.43, status = 'Pago';
INSERT INTO diarias (id, motorista_id, veiculo_id, data, valor, status) VALUES (19, 4, 3, '2025-10-14', 57.14, 'Pago') ON DUPLICATE KEY UPDATE motorista_id = 4, veiculo_id = 3, data = '2025-10-14', valor = 57.14, status = 'Pago';
INSERT INTO diarias (id, motorista_id, veiculo_id, data, valor, status) VALUES (20, 4, 3, '2025-10-16', 50.00, 'Pago') ON DUPLICATE KEY UPDATE motorista_id = 4, veiculo_id = 3, data = '2025-10-16', valor = 50.00, status = 'Pago';
INSERT INTO diarias (id, motorista_id, veiculo_id, data, valor, status) VALUES (26, 2, 2, '2025-10-19', 85.71, 'Pago') ON DUPLICATE KEY UPDATE motorista_id = 2, veiculo_id = 2, data = '2025-10-19', valor = 85.71, status = 'Pago';
INSERT INTO diarias (id, motorista_id, veiculo_id, data, valor, status) VALUES (27, 2, 2, '2025-10-20', 85.71, 'Pago') ON DUPLICATE KEY UPDATE motorista_id = 2, veiculo_id = 2, data = '2025-10-20', valor = 85.71, status = 'Pago';
INSERT INTO diarias (id, motorista_id, veiculo_id, data, valor, status) VALUES (30, 4, 3, '2025-10-20', 63.27, 'Pago') ON DUPLICATE KEY UPDATE motorista_id = 4, veiculo_id = 3, data = '2025-10-20', valor = 63.27, status = 'Pago';
INSERT INTO diarias (id, motorista_id, veiculo_id, data, valor, status) VALUES (31, 4, 3, '2025-10-20', 71.43, 'Pago') ON DUPLICATE KEY UPDATE motorista_id = 4, veiculo_id = 3, data = '2025-10-20', valor = 71.43, status = 'Pago';
INSERT INTO diarias (id, motorista_id, veiculo_id, data, valor, status) VALUES (32, 5, 1, '2025-09-30', 778.79, 'Pago') ON DUPLICATE KEY UPDATE motorista_id = 5, veiculo_id = 1, data = '2025-09-30', valor = 778.79, status = 'Pago';
INSERT INTO diarias (id, motorista_id, veiculo_id, data, valor, status) VALUES (35, 5, 1, '2025-09-30', 1771.72, 'Pago') ON DUPLICATE KEY UPDATE motorista_id = 5, veiculo_id = 1, data = '2025-09-30', valor = 1771.72, status = 'Pago';
INSERT INTO diarias (id, motorista_id, veiculo_id, data, valor, status) VALUES (37, 4, 3, '2025-10-21', 71.43, 'Pago') ON DUPLICATE KEY UPDATE motorista_id = 4, veiculo_id = 3, data = '2025-10-21', valor = 71.43, status = 'Pago';
INSERT INTO diarias (id, motorista_id, veiculo_id, data, valor, status) VALUES (38, 2, 2, '2025-10-21', 85.71, 'Pago') ON DUPLICATE KEY UPDATE motorista_id = 2, veiculo_id = 2, data = '2025-10-21', valor = 85.71, status = 'Pago';
INSERT INTO diarias (id, motorista_id, veiculo_id, data, valor, status) VALUES (39, 2, 2, '2025-10-22', 85.71, 'Pago') ON DUPLICATE KEY UPDATE motorista_id = 2, veiculo_id = 2, data = '2025-10-22', valor = 85.71, status = 'Pago';
INSERT INTO diarias (id, motorista_id, veiculo_id, data, valor, status) VALUES (40, 4, 3, '2025-10-22', 36.00, 'Pago') ON DUPLICATE KEY UPDATE motorista_id = 4, veiculo_id = 3, data = '2025-10-22', valor = 36.00, status = 'Pago';
INSERT INTO diarias (id, motorista_id, veiculo_id, data, valor, status) VALUES (41, 3, 4, '2025-10-21', 85.71, 'Pago') ON DUPLICATE KEY UPDATE motorista_id = 3, veiculo_id = 4, data = '2025-10-21', valor = 85.71, status = 'Pago';
INSERT INTO diarias (id, motorista_id, veiculo_id, data, valor, status) VALUES (42, 4, 3, '2025-10-25', 71.43, 'Pago') ON DUPLICATE KEY UPDATE motorista_id = 4, veiculo_id = 3, data = '2025-10-25', valor = 71.43, status = 'Pago';
INSERT INTO diarias (id, motorista_id, veiculo_id, data, valor, status) VALUES (43, 4, 3, '2025-10-26', 71.43, 'Pago') ON DUPLICATE KEY UPDATE motorista_id = 4, veiculo_id = 3, data = '2025-10-26', valor = 71.43, status = 'Pago';
INSERT INTO diarias (id, motorista_id, veiculo_id, data, valor, status) VALUES (44, 4, 3, '2025-10-23', 71.43, 'Pago') ON DUPLICATE KEY UPDATE motorista_id = 4, veiculo_id = 3, data = '2025-10-23', valor = 71.43, status = 'Pago';
INSERT INTO diarias (id, motorista_id, veiculo_id, data, valor, status) VALUES (45, 4, 3, '2025-10-25', 71.43, 'Pago') ON DUPLICATE KEY UPDATE motorista_id = 4, veiculo_id = 3, data = '2025-10-25', valor = 71.43, status = 'Pago';
INSERT INTO diarias (id, motorista_id, veiculo_id, data, valor, status) VALUES (46, 3, 4, '2025-10-23', 85.71, 'Pago') ON DUPLICATE KEY UPDATE motorista_id = 3, veiculo_id = 4, data = '2025-10-23', valor = 85.71, status = 'Pago';
INSERT INTO diarias (id, motorista_id, veiculo_id, data, valor, status) VALUES (47, 3, 4, '2025-10-24', 85.71, 'Pago') ON DUPLICATE KEY UPDATE motorista_id = 3, veiculo_id = 4, data = '2025-10-24', valor = 85.71, status = 'Pago';
INSERT INTO diarias (id, motorista_id, veiculo_id, data, valor, status) VALUES (48, 3, 4, '2025-10-25', 85.71, 'Pago') ON DUPLICATE KEY UPDATE motorista_id = 3, veiculo_id = 4, data = '2025-10-25', valor = 85.71, status = 'Pago';
INSERT INTO diarias (id, motorista_id, veiculo_id, data, valor, status) VALUES (49, 2, 2, '2025-10-23', 85.71, 'Pago') ON DUPLICATE KEY UPDATE motorista_id = 2, veiculo_id = 2, data = '2025-10-23', valor = 85.71, status = 'Pago';
INSERT INTO diarias (id, motorista_id, veiculo_id, data, valor, status) VALUES (50, 2, 2, '2025-10-24', 85.71, 'Pago') ON DUPLICATE KEY UPDATE motorista_id = 2, veiculo_id = 2, data = '2025-10-24', valor = 85.71, status = 'Pago';
INSERT INTO diarias (id, motorista_id, veiculo_id, data, valor, status) VALUES (51, 2, 2, '2025-10-25', 85.71, 'Pago') ON DUPLICATE KEY UPDATE motorista_id = 2, veiculo_id = 2, data = '2025-10-25', valor = 85.71, status = 'Pago';
INSERT INTO diarias (id, motorista_id, veiculo_id, data, valor, status) VALUES (52, 2, 2, '2025-10-26', 85.71, 'Pago') ON DUPLICATE KEY UPDATE motorista_id = 2, veiculo_id = 2, data = '2025-10-26', valor = 85.71, status = 'Pago';
INSERT INTO diarias (id, motorista_id, veiculo_id, data, valor, status) VALUES (53, 3, 4, '2025-10-26', 85.71, 'Pago') ON DUPLICATE KEY UPDATE motorista_id = 3, veiculo_id = 4, data = '2025-10-26', valor = 85.71, status = 'Pago';
INSERT INTO diarias (id, motorista_id, veiculo_id, data, valor, status) VALUES (54, 4, 3, '2025-10-27', 71.43, 'Pago') ON DUPLICATE KEY UPDATE motorista_id = 4, veiculo_id = 3, data = '2025-10-27', valor = 71.43, status = 'Pago';
INSERT INTO diarias (id, motorista_id, veiculo_id, data, valor, status) VALUES (55, 4, 3, '2025-10-28', 71.43, 'Pago') ON DUPLICATE KEY UPDATE motorista_id = 4, veiculo_id = 3, data = '2025-10-28', valor = 71.43, status = 'Pago';
INSERT INTO diarias (id, motorista_id, veiculo_id, data, valor, status) VALUES (56, 4, 3, '2025-10-29', 71.43, 'Pago') ON DUPLICATE KEY UPDATE motorista_id = 4, veiculo_id = 3, data = '2025-10-29', valor = 71.43, status = 'Pago';
INSERT INTO diarias (id, motorista_id, veiculo_id, data, valor, status) VALUES (57, 4, 3, '2025-10-30', 71.43, 'Pago') ON DUPLICATE KEY UPDATE motorista_id = 4, veiculo_id = 3, data = '2025-10-30', valor = 71.43, status = 'Pago';
INSERT INTO diarias (id, motorista_id, veiculo_id, data, valor, status) VALUES (58, 4, 3, '2025-10-31', 71.43, 'Pago') ON DUPLICATE KEY UPDATE motorista_id = 4, veiculo_id = 3, data = '2025-10-31', valor = 71.43, status = 'Pago';
INSERT INTO diarias (id, motorista_id, veiculo_id, data, valor, status) VALUES (59, 4, 3, '2025-11-01', 35.72, 'Pago') ON DUPLICATE KEY UPDATE motorista_id = 4, veiculo_id = 3, data = '2025-11-01', valor = 35.72, status = 'Pago';
INSERT INTO diarias (id, motorista_id, veiculo_id, data, valor, status) VALUES (60, 4, 3, '2025-11-02', 71.43, 'Pago') ON DUPLICATE KEY UPDATE motorista_id = 4, veiculo_id = 3, data = '2025-11-02', valor = 71.43, status = 'Pago';
INSERT INTO diarias (id, motorista_id, veiculo_id, data, valor, status) VALUES (61, 4, 3, '2025-10-26', 71.43, 'Pago') ON DUPLICATE KEY UPDATE motorista_id = 4, veiculo_id = 3, data = '2025-10-26', valor = 71.43, status = 'Pago';
INSERT INTO diarias (id, motorista_id, veiculo_id, data, valor, status) VALUES (62, 2, 2, '2025-10-27', 85.71, 'Pago') ON DUPLICATE KEY UPDATE motorista_id = 2, veiculo_id = 2, data = '2025-10-27', valor = 85.71, status = 'Pago';
INSERT INTO diarias (id, motorista_id, veiculo_id, data, valor, status) VALUES (63, 2, 2, '2025-10-28', 85.71, 'Pago') ON DUPLICATE KEY UPDATE motorista_id = 2, veiculo_id = 2, data = '2025-10-28', valor = 85.71, status = 'Pago';
INSERT INTO diarias (id, motorista_id, veiculo_id, data, valor, status) VALUES (64, 2, 2, '2025-10-29', 85.71, 'Pago') ON DUPLICATE KEY UPDATE motorista_id = 2, veiculo_id = 2, data = '2025-10-29', valor = 85.71, status = 'Pago';
INSERT INTO diarias (id, motorista_id, veiculo_id, data, valor, status) VALUES (65, 2, 2, '2025-10-30', 85.71, 'Pago') ON DUPLICATE KEY UPDATE motorista_id = 2, veiculo_id = 2, data = '2025-10-30', valor = 85.71, status = 'Pago';
INSERT INTO diarias (id, motorista_id, veiculo_id, data, valor, status) VALUES (66, 2, 2, '2025-10-31', 85.71, 'Pago') ON DUPLICATE KEY UPDATE motorista_id = 2, veiculo_id = 2, data = '2025-10-31', valor = 85.71, status = 'Pago';
INSERT INTO diarias (id, motorista_id, veiculo_id, data, valor, status) VALUES (67, 2, 2, '2025-11-01', 85.71, 'Pago') ON DUPLICATE KEY UPDATE motorista_id = 2, veiculo_id = 2, data = '2025-11-01', valor = 85.71, status = 'Pago';
INSERT INTO diarias (id, motorista_id, veiculo_id, data, valor, status) VALUES (68, 2, 2, '2025-11-02', 85.71, 'Pago') ON DUPLICATE KEY UPDATE motorista_id = 2, veiculo_id = 2, data = '2025-11-02', valor = 85.71, status = 'Pago';
INSERT INTO diarias (id, motorista_id, veiculo_id, data, valor, status) VALUES (69, 3, 4, '2025-10-27', 85.71, 'Pago') ON DUPLICATE KEY UPDATE motorista_id = 3, veiculo_id = 4, data = '2025-10-27', valor = 85.71, status = 'Pago';
INSERT INTO diarias (id, motorista_id, veiculo_id, data, valor, status) VALUES (70, 3, 4, '2025-10-28', 85.71, 'Pago') ON DUPLICATE KEY UPDATE motorista_id = 3, veiculo_id = 4, data = '2025-10-28', valor = 85.71, status = 'Pago';
INSERT INTO diarias (id, motorista_id, veiculo_id, data, valor, status) VALUES (71, 3, 4, '2025-10-29', 85.71, 'Pago') ON DUPLICATE KEY UPDATE motorista_id = 3, veiculo_id = 4, data = '2025-10-29', valor = 85.71, status = 'Pago';
INSERT INTO diarias (id, motorista_id, veiculo_id, data, valor, status) VALUES (72, 3, 4, '2025-10-30', 85.71, 'Pago') ON DUPLICATE KEY UPDATE motorista_id = 3, veiculo_id = 4, data = '2025-10-30', valor = 85.71, status = 'Pago';
INSERT INTO diarias (id, motorista_id, veiculo_id, data, valor, status) VALUES (73, 3, 4, '2025-10-31', 85.71, 'Pago') ON DUPLICATE KEY UPDATE motorista_id = 3, veiculo_id = 4, data = '2025-10-31', valor = 85.71, status = 'Pago';
INSERT INTO diarias (id, motorista_id, veiculo_id, data, valor, status) VALUES (74, 3, 4, '2025-11-01', 85.71, 'Pago') ON DUPLICATE KEY UPDATE motorista_id = 3, veiculo_id = 4, data = '2025-11-01', valor = 85.71, status = 'Pago';
INSERT INTO diarias (id, motorista_id, veiculo_id, data, valor, status) VALUES (75, 5, 1, '2025-10-31', 2510.30, 'Pago') ON DUPLICATE KEY UPDATE motorista_id = 5, veiculo_id = 1, data = '2025-10-31', valor = 2510.30, status = 'Pago';
INSERT INTO diarias (id, motorista_id, veiculo_id, data, valor, status) VALUES (76, 5, 1, '2025-10-31', 2308.19, 'Pago') ON DUPLICATE KEY UPDATE motorista_id = 5, veiculo_id = 1, data = '2025-10-31', valor = 2308.19, status = 'Pago';
INSERT INTO diarias (id, motorista_id, veiculo_id, data, valor, status) VALUES (77, 5, 1, '2025-10-31', 584.40, 'Pago') ON DUPLICATE KEY UPDATE motorista_id = 5, veiculo_id = 1, data = '2025-10-31', valor = 584.40, status = 'Pago';
INSERT INTO diarias (id, motorista_id, veiculo_id, data, valor, status) VALUES (78, 2, 2, '2025-11-03', 85.71, 'Pago') ON DUPLICATE KEY UPDATE motorista_id = 2, veiculo_id = 2, data = '2025-11-03', valor = 85.71, status = 'Pago';
INSERT INTO diarias (id, motorista_id, veiculo_id, data, valor, status) VALUES (79, 2, 2, '2025-11-04', 85.71, 'Pago') ON DUPLICATE KEY UPDATE motorista_id = 2, veiculo_id = 2, data = '2025-11-04', valor = 85.71, status = 'Pago';
INSERT INTO diarias (id, motorista_id, veiculo_id, data, valor, status) VALUES (80, 2, 2, '2025-11-05', 85.71, 'Pago') ON DUPLICATE KEY UPDATE motorista_id = 2, veiculo_id = 2, data = '2025-11-05', valor = 85.71, status = 'Pago';
INSERT INTO diarias (id, motorista_id, veiculo_id, data, valor, status) VALUES (81, 2, 2, '2025-11-06', 85.71, 'Pago') ON DUPLICATE KEY UPDATE motorista_id = 2, veiculo_id = 2, data = '2025-11-06', valor = 85.71, status = 'Pago';
INSERT INTO diarias (id, motorista_id, veiculo_id, data, valor, status) VALUES (82, 4, 3, '2025-11-03', 71.43, 'Pago') ON DUPLICATE KEY UPDATE motorista_id = 4, veiculo_id = 3, data = '2025-11-03', valor = 71.43, status = 'Pago';
INSERT INTO diarias (id, motorista_id, veiculo_id, data, valor, status) VALUES (83, 4, 3, '2025-11-04', 71.43, 'Pago') ON DUPLICATE KEY UPDATE motorista_id = 4, veiculo_id = 3, data = '2025-11-04', valor = 71.43, status = 'Pago';
INSERT INTO diarias (id, motorista_id, veiculo_id, data, valor, status) VALUES (84, 4, 3, '2025-11-05', 71.43, 'Pago') ON DUPLICATE KEY UPDATE motorista_id = 4, veiculo_id = 3, data = '2025-11-05', valor = 71.43, status = 'Pago';
INSERT INTO diarias (id, motorista_id, veiculo_id, data, valor, status) VALUES (85, 3, 4, '2025-11-02', 85.71, 'Pago') ON DUPLICATE KEY UPDATE motorista_id = 3, veiculo_id = 4, data = '2025-11-02', valor = 85.71, status = 'Pago';
INSERT INTO diarias (id, motorista_id, veiculo_id, data, valor, status) VALUES (86, 3, 4, '2025-11-03', 85.71, 'Pago') ON DUPLICATE KEY UPDATE motorista_id = 3, veiculo_id = 4, data = '2025-11-03', valor = 85.71, status = 'Pago';
INSERT INTO diarias (id, motorista_id, veiculo_id, data, valor, status) VALUES (87, 3, 4, '2025-11-04', 85.71, 'Pago') ON DUPLICATE KEY UPDATE motorista_id = 3, veiculo_id = 4, data = '2025-11-04', valor = 85.71, status = 'Pago';
INSERT INTO diarias (id, motorista_id, veiculo_id, data, valor, status) VALUES (88, 3, 4, '2025-11-05', 85.71, 'Pago') ON DUPLICATE KEY UPDATE motorista_id = 3, veiculo_id = 4, data = '2025-11-05', valor = 85.71, status = 'Pago';
INSERT INTO diarias (id, motorista_id, veiculo_id, data, valor, status) VALUES (90, 3, 4, '2025-11-07', 85.71, 'Pago') ON DUPLICATE KEY UPDATE motorista_id = 3, veiculo_id = 4, data = '2025-11-07', valor = 85.71, status = 'Pago';
INSERT INTO diarias (id, motorista_id, veiculo_id, data, valor, status) VALUES (91, 3, 4, '2025-11-08', 85.71, 'Pago') ON DUPLICATE KEY UPDATE motorista_id = 3, veiculo_id = 4, data = '2025-11-08', valor = 85.71, status = 'Pago';
INSERT INTO diarias (id, motorista_id, veiculo_id, data, valor, status) VALUES (92, 3, 4, '2025-11-09', 85.71, 'Pago') ON DUPLICATE KEY UPDATE motorista_id = 3, veiculo_id = 4, data = '2025-11-09', valor = 85.71, status = 'Pago';
INSERT INTO diarias (id, motorista_id, veiculo_id, data, valor, status) VALUES (93, 3, 4, '2025-11-10', 85.71, 'Pago') ON DUPLICATE KEY UPDATE motorista_id = 3, veiculo_id = 4, data = '2025-11-10', valor = 85.71, status = 'Pago';
INSERT INTO diarias (id, motorista_id, veiculo_id, data, valor, status) VALUES (94, 4, 3, '2025-11-06', 46.43, 'Pago') ON DUPLICATE KEY UPDATE motorista_id = 4, veiculo_id = 3, data = '2025-11-06', valor = 46.43, status = 'Pago';
INSERT INTO diarias (id, motorista_id, veiculo_id, data, valor, status) VALUES (95, 4, 3, '2025-11-07', 71.43, 'Pago') ON DUPLICATE KEY UPDATE motorista_id = 4, veiculo_id = 3, data = '2025-11-07', valor = 71.43, status = 'Pago';
INSERT INTO diarias (id, motorista_id, veiculo_id, data, valor, status) VALUES (96, 4, 3, '2025-11-12', 71.43, 'Pago') ON DUPLICATE KEY UPDATE motorista_id = 4, veiculo_id = 3, data = '2025-11-12', valor = 71.43, status = 'Pago';
INSERT INTO diarias (id, motorista_id, veiculo_id, data, valor, status) VALUES (97, 2, 2, '2025-11-07', 85.71, 'Pago') ON DUPLICATE KEY UPDATE motorista_id = 2, veiculo_id = 2, data = '2025-11-07', valor = 85.71, status = 'Pago';
INSERT INTO diarias (id, motorista_id, veiculo_id, data, valor, status) VALUES (98, 2, 2, '2025-11-08', 85.71, 'Pago') ON DUPLICATE KEY UPDATE motorista_id = 2, veiculo_id = 2, data = '2025-11-08', valor = 85.71, status = 'Pago';
INSERT INTO diarias (id, motorista_id, veiculo_id, data, valor, status) VALUES (99, 2, 2, '2025-11-09', 85.71, 'Pago') ON DUPLICATE KEY UPDATE motorista_id = 2, veiculo_id = 2, data = '2025-11-09', valor = 85.71, status = 'Pago';
INSERT INTO diarias (id, motorista_id, veiculo_id, data, valor, status) VALUES (100, 2, 2, '2025-11-10', 85.71, 'Pago') ON DUPLICATE KEY UPDATE motorista_id = 2, veiculo_id = 2, data = '2025-11-10', valor = 85.71, status = 'Pago';
INSERT INTO diarias (id, motorista_id, veiculo_id, data, valor, status) VALUES (101, 2, 2, '2025-11-11', 85.71, 'Pago') ON DUPLICATE KEY UPDATE motorista_id = 2, veiculo_id = 2, data = '2025-11-11', valor = 85.71, status = 'Pago';
INSERT INTO diarias (id, motorista_id, veiculo_id, data, valor, status) VALUES (102, 2, 2, '2025-11-12', 85.71, 'Pago') ON DUPLICATE KEY UPDATE motorista_id = 2, veiculo_id = 2, data = '2025-11-12', valor = 85.71, status = 'Pago';
INSERT INTO diarias (id, motorista_id, veiculo_id, data, valor, status) VALUES (103, 2, 2, '2025-11-13', 85.71, 'Pago') ON DUPLICATE KEY UPDATE motorista_id = 2, veiculo_id = 2, data = '2025-11-13', valor = 85.71, status = 'Pago';
INSERT INTO diarias (id, motorista_id, veiculo_id, data, valor, status) VALUES (104, 2, 2, '2025-11-14', 85.71, 'Pago') ON DUPLICATE KEY UPDATE motorista_id = 2, veiculo_id = 2, data = '2025-11-14', valor = 85.71, status = 'Pago';
INSERT INTO diarias (id, motorista_id, veiculo_id, data, valor, status) VALUES (105, 2, 2, '2025-11-15', 85.71, 'Pago') ON DUPLICATE KEY UPDATE motorista_id = 2, veiculo_id = 2, data = '2025-11-15', valor = 85.71, status = 'Pago';
INSERT INTO diarias (id, motorista_id, veiculo_id, data, valor, status) VALUES (106, 2, 2, '2025-11-16', 85.71, 'Pago') ON DUPLICATE KEY UPDATE motorista_id = 2, veiculo_id = 2, data = '2025-11-16', valor = 85.71, status = 'Pago';
INSERT INTO diarias (id, motorista_id, veiculo_id, data, valor, status) VALUES (107, 2, 2, '2025-11-17', 85.71, 'Pago') ON DUPLICATE KEY UPDATE motorista_id = 2, veiculo_id = 2, data = '2025-11-17', valor = 85.71, status = 'Pago';
INSERT INTO diarias (id, motorista_id, veiculo_id, data, valor, status) VALUES (108, 4, 3, '2025-11-13', 71.43, 'Pago') ON DUPLICATE KEY UPDATE motorista_id = 4, veiculo_id = 3, data = '2025-11-13', valor = 71.43, status = 'Pago';
INSERT INTO diarias (id, motorista_id, veiculo_id, data, valor, status) VALUES (109, 4, 3, '2025-11-14', 71.43, 'Pago') ON DUPLICATE KEY UPDATE motorista_id = 4, veiculo_id = 3, data = '2025-11-14', valor = 71.43, status = 'Pago';
INSERT INTO diarias (id, motorista_id, veiculo_id, data, valor, status) VALUES (110, 4, 3, '2025-11-15', 71.43, 'Pago') ON DUPLICATE KEY UPDATE motorista_id = 4, veiculo_id = 3, data = '2025-11-15', valor = 71.43, status = 'Pago';
INSERT INTO diarias (id, motorista_id, veiculo_id, data, valor, status) VALUES (111, 4, 3, '2025-11-16', 71.43, 'Pago') ON DUPLICATE KEY UPDATE motorista_id = 4, veiculo_id = 3, data = '2025-11-16', valor = 71.43, status = 'Pago';
INSERT INTO diarias (id, motorista_id, veiculo_id, data, valor, status) VALUES (112, 4, 3, '2025-11-17', 71.43, 'Pago') ON DUPLICATE KEY UPDATE motorista_id = 4, veiculo_id = 3, data = '2025-11-17', valor = 71.43, status = 'Pago';
INSERT INTO diarias (id, motorista_id, veiculo_id, data, valor, status) VALUES (113, 3, 4, '2025-11-06', 85.71, 'Pago') ON DUPLICATE KEY UPDATE motorista_id = 3, veiculo_id = 4, data = '2025-11-06', valor = 85.71, status = 'Pago';
INSERT INTO diarias (id, motorista_id, veiculo_id, data, valor, status) VALUES (114, 3, 4, '2025-11-12', 85.71, 'Pago') ON DUPLICATE KEY UPDATE motorista_id = 3, veiculo_id = 4, data = '2025-11-12', valor = 85.71, status = 'Pago';
INSERT INTO diarias (id, motorista_id, veiculo_id, data, valor, status) VALUES (115, 3, 4, '2025-11-13', 85.71, 'Pago') ON DUPLICATE KEY UPDATE motorista_id = 3, veiculo_id = 4, data = '2025-11-13', valor = 85.71, status = 'Pago';
INSERT INTO diarias (id, motorista_id, veiculo_id, data, valor, status) VALUES (116, 3, 4, '2025-11-14', 85.71, 'Pago') ON DUPLICATE KEY UPDATE motorista_id = 3, veiculo_id = 4, data = '2025-11-14', valor = 85.71, status = 'Pago';
INSERT INTO diarias (id, motorista_id, veiculo_id, data, valor, status) VALUES (117, 3, 4, '2025-11-15', 85.71, 'Pago') ON DUPLICATE KEY UPDATE motorista_id = 3, veiculo_id = 4, data = '2025-11-15', valor = 85.71, status = 'Pago';
INSERT INTO diarias (id, motorista_id, veiculo_id, data, valor, status) VALUES (118, 3, 4, '2025-11-16', 85.71, 'Pago') ON DUPLICATE KEY UPDATE motorista_id = 3, veiculo_id = 4, data = '2025-11-16', valor = 85.71, status = 'Pago';
INSERT INTO diarias (id, motorista_id, veiculo_id, data, valor, status) VALUES (119, 3, 4, '2025-11-17', 85.71, 'Pago') ON DUPLICATE KEY UPDATE motorista_id = 3, veiculo_id = 4, data = '2025-11-17', valor = 85.71, status = 'Pago';
INSERT INTO diarias (id, motorista_id, veiculo_id, data, valor, status) VALUES (120, 4, 3, '2025-11-19', 71.43, 'Pago') ON DUPLICATE KEY UPDATE motorista_id = 4, veiculo_id = 3, data = '2025-11-19', valor = 71.43, status = 'Pago';
INSERT INTO diarias (id, motorista_id, veiculo_id, data, valor, status) VALUES (121, 4, 3, '2025-11-20', 71.43, 'Pago') ON DUPLICATE KEY UPDATE motorista_id = 4, veiculo_id = 3, data = '2025-11-20', valor = 71.43, status = 'Pago';
INSERT INTO diarias (id, motorista_id, veiculo_id, data, valor, status) VALUES (122, 4, 3, '2025-11-21', 71.43, 'Pago') ON DUPLICATE KEY UPDATE motorista_id = 4, veiculo_id = 3, data = '2025-11-21', valor = 71.43, status = 'Pago';
INSERT INTO diarias (id, motorista_id, veiculo_id, data, valor, status) VALUES (123, 4, 3, '2025-11-22', 71.43, 'Pago') ON DUPLICATE KEY UPDATE motorista_id = 4, veiculo_id = 3, data = '2025-11-22', valor = 71.43, status = 'Pago';
INSERT INTO diarias (id, motorista_id, veiculo_id, data, valor, status) VALUES (124, 4, 3, '2025-11-23', 71.43, 'Pago') ON DUPLICATE KEY UPDATE motorista_id = 4, veiculo_id = 3, data = '2025-11-23', valor = 71.43, status = 'Pago';
INSERT INTO diarias (id, motorista_id, veiculo_id, data, valor, status) VALUES (125, 4, 3, '2025-11-24', 71.43, 'Pago') ON DUPLICATE KEY UPDATE motorista_id = 4, veiculo_id = 3, data = '2025-11-24', valor = 71.43, status = 'Pago';
INSERT INTO diarias (id, motorista_id, veiculo_id, data, valor, status) VALUES (126, 4, 3, '2025-11-25', 71.43, 'Pago') ON DUPLICATE KEY UPDATE motorista_id = 4, veiculo_id = 3, data = '2025-11-25', valor = 71.43, status = 'Pago';
INSERT INTO diarias (id, motorista_id, veiculo_id, data, valor, status) VALUES (127, 2, 2, '2025-11-20', 85.71, 'Pago') ON DUPLICATE KEY UPDATE motorista_id = 2, veiculo_id = 2, data = '2025-11-20', valor = 85.71, status = 'Pago';
INSERT INTO diarias (id, motorista_id, veiculo_id, data, valor, status) VALUES (128, 2, 2, '2025-11-20', 85.71, 'Pago') ON DUPLICATE KEY UPDATE motorista_id = 2, veiculo_id = 2, data = '2025-11-20', valor = 85.71, status = 'Pago';
INSERT INTO diarias (id, motorista_id, veiculo_id, data, valor, status) VALUES (129, 2, 2, '2025-11-21', 85.71, 'Pago') ON DUPLICATE KEY UPDATE motorista_id = 2, veiculo_id = 2, data = '2025-11-21', valor = 85.71, status = 'Pago';
INSERT INTO diarias (id, motorista_id, veiculo_id, data, valor, status) VALUES (130, 3, 4, '2025-11-18', 85.71, 'Pago') ON DUPLICATE KEY UPDATE motorista_id = 3, veiculo_id = 4, data = '2025-11-18', valor = 85.71, status = 'Pago';
INSERT INTO diarias (id, motorista_id, veiculo_id, data, valor, status) VALUES (131, 3, 4, '2025-11-19', 85.71, 'Pago') ON DUPLICATE KEY UPDATE motorista_id = 3, veiculo_id = 4, data = '2025-11-19', valor = 85.71, status = 'Pago';
INSERT INTO diarias (id, motorista_id, veiculo_id, data, valor, status) VALUES (132, 3, 4, '2025-11-20', 85.71, 'Pago') ON DUPLICATE KEY UPDATE motorista_id = 3, veiculo_id = 4, data = '2025-11-20', valor = 85.71, status = 'Pago';
INSERT INTO diarias (id, motorista_id, veiculo_id, data, valor, status) VALUES (133, 3, 4, '2025-11-21', 85.71, 'Pago') ON DUPLICATE KEY UPDATE motorista_id = 3, veiculo_id = 4, data = '2025-11-21', valor = 85.71, status = 'Pago';
INSERT INTO diarias (id, motorista_id, veiculo_id, data, valor, status) VALUES (134, 3, 4, '2025-11-22', 85.71, 'Pago') ON DUPLICATE KEY UPDATE motorista_id = 3, veiculo_id = 4, data = '2025-11-22', valor = 85.71, status = 'Pago';
INSERT INTO diarias (id, motorista_id, veiculo_id, data, valor, status) VALUES (135, 4, 3, '2025-11-26', 71.43, 'Pago') ON DUPLICATE KEY UPDATE motorista_id = 4, veiculo_id = 3, data = '2025-11-26', valor = 71.43, status = 'Pago';
INSERT INTO diarias (id, motorista_id, veiculo_id, data, valor, status) VALUES (136, 4, 3, '2025-11-27', 71.43, 'Pago') ON DUPLICATE KEY UPDATE motorista_id = 4, veiculo_id = 3, data = '2025-11-27', valor = 71.43, status = 'Pago';
INSERT INTO diarias (id, motorista_id, veiculo_id, data, valor, status) VALUES (137, 4, 3, '2025-11-28', 71.43, 'Pago') ON DUPLICATE KEY UPDATE motorista_id = 4, veiculo_id = 3, data = '2025-11-28', valor = 71.43, status = 'Pago';
INSERT INTO diarias (id, motorista_id, veiculo_id, data, valor, status) VALUES (138, 4, 3, '2025-11-29', 71.43, 'Pago') ON DUPLICATE KEY UPDATE motorista_id = 4, veiculo_id = 3, data = '2025-11-29', valor = 71.43, status = 'Pago';
INSERT INTO diarias (id, motorista_id, veiculo_id, data, valor, status) VALUES (139, 4, 3, '2025-11-30', 71.43, 'Pago') ON DUPLICATE KEY UPDATE motorista_id = 4, veiculo_id = 3, data = '2025-11-30', valor = 71.43, status = 'Pago';
INSERT INTO diarias (id, motorista_id, veiculo_id, data, valor, status) VALUES (140, 4, 3, '2025-12-01', 71.43, 'Pago') ON DUPLICATE KEY UPDATE motorista_id = 4, veiculo_id = 3, data = '2025-12-01', valor = 71.43, status = 'Pago';
INSERT INTO diarias (id, motorista_id, veiculo_id, data, valor, status) VALUES (141, 4, 3, '2025-12-02', 71.43, 'Pago') ON DUPLICATE KEY UPDATE motorista_id = 4, veiculo_id = 3, data = '2025-12-02', valor = 71.43, status = 'Pago';
INSERT INTO diarias (id, motorista_id, veiculo_id, data, valor, status) VALUES (142, 4, 3, '2025-12-03', 71.43, 'Pago') ON DUPLICATE KEY UPDATE motorista_id = 4, veiculo_id = 3, data = '2025-12-03', valor = 71.43, status = 'Pago';
INSERT INTO diarias (id, motorista_id, veiculo_id, data, valor, status) VALUES (143, 4, 3, '2025-12-04', 71.43, 'Pago') ON DUPLICATE KEY UPDATE motorista_id = 4, veiculo_id = 3, data = '2025-12-04', valor = 71.43, status = 'Pago';
INSERT INTO diarias (id, motorista_id, veiculo_id, data, valor, status) VALUES (144, 3, 4, '2025-11-25', 85.71, 'Pago') ON DUPLICATE KEY UPDATE motorista_id = 3, veiculo_id = 4, data = '2025-11-25', valor = 85.71, status = 'Pago';
INSERT INTO diarias (id, motorista_id, veiculo_id, data, valor, status) VALUES (145, 3, 4, '2025-11-26', 85.71, 'Pago') ON DUPLICATE KEY UPDATE motorista_id = 3, veiculo_id = 4, data = '2025-11-26', valor = 85.71, status = 'Pago';
INSERT INTO diarias (id, motorista_id, veiculo_id, data, valor, status) VALUES (146, 3, 4, '2025-11-27', 85.71, 'Pago') ON DUPLICATE KEY UPDATE motorista_id = 3, veiculo_id = 4, data = '2025-11-27', valor = 85.71, status = 'Pago';
INSERT INTO diarias (id, motorista_id, veiculo_id, data, valor, status) VALUES (147, 3, 4, '2025-11-28', 85.71, 'Pago') ON DUPLICATE KEY UPDATE motorista_id = 3, veiculo_id = 4, data = '2025-11-28', valor = 85.71, status = 'Pago';
INSERT INTO diarias (id, motorista_id, veiculo_id, data, valor, status) VALUES (148, 3, 4, '2025-11-29', 85.71, 'Pago') ON DUPLICATE KEY UPDATE motorista_id = 3, veiculo_id = 4, data = '2025-11-29', valor = 85.71, status = 'Pago';
INSERT INTO diarias (id, motorista_id, veiculo_id, data, valor, status) VALUES (149, 3, 4, '2025-12-01', 85.71, 'Pago') ON DUPLICATE KEY UPDATE motorista_id = 3, veiculo_id = 4, data = '2025-12-01', valor = 85.71, status = 'Pago';
INSERT INTO diarias (id, motorista_id, veiculo_id, data, valor, status) VALUES (150, 3, 4, '2025-12-02', 85.71, 'Pago') ON DUPLICATE KEY UPDATE motorista_id = 3, veiculo_id = 4, data = '2025-12-02', valor = 85.71, status = 'Pago';
INSERT INTO diarias (id, motorista_id, veiculo_id, data, valor, status) VALUES (151, 3, 4, '2025-12-04', 85.71, 'Pago') ON DUPLICATE KEY UPDATE motorista_id = 3, veiculo_id = 4, data = '2025-12-04', valor = 85.71, status = 'Pago';
INSERT INTO diarias (id, motorista_id, veiculo_id, data, valor, status) VALUES (152, 5, 1, '2025-11-30', 563.98, 'Pago') ON DUPLICATE KEY UPDATE motorista_id = 5, veiculo_id = 1, data = '2025-11-30', valor = 563.98, status = 'Pago';
INSERT INTO diarias (id, motorista_id, veiculo_id, data, valor, status) VALUES (153, 5, 1, '2025-11-30', 40.59, 'Pago') ON DUPLICATE KEY UPDATE motorista_id = 5, veiculo_id = 1, data = '2025-11-30', valor = 40.59, status = 'Pago';
INSERT INTO diarias (id, motorista_id, veiculo_id, data, valor, status) VALUES (154, 5, 1, '2025-11-30', 2000.00, 'Pago') ON DUPLICATE KEY UPDATE motorista_id = 5, veiculo_id = 1, data = '2025-11-30', valor = 2000.00, status = 'Pago';
INSERT INTO diarias (id, motorista_id, veiculo_id, data, valor, status) VALUES (155, 4, 3, '2025-11-05', 71.43, 'Pago') ON DUPLICATE KEY UPDATE motorista_id = 4, veiculo_id = 3, data = '2025-11-05', valor = 71.43, status = 'Pago';
INSERT INTO diarias (id, motorista_id, veiculo_id, data, valor, status) VALUES (156, 4, 3, '2025-11-06', 71.43, 'Pago') ON DUPLICATE KEY UPDATE motorista_id = 4, veiculo_id = 3, data = '2025-11-06', valor = 71.43, status = 'Pago';
INSERT INTO diarias (id, motorista_id, veiculo_id, data, valor, status) VALUES (158, 4, 3, '2025-11-07', 71.43, 'Pago') ON DUPLICATE KEY UPDATE motorista_id = 4, veiculo_id = 3, data = '2025-11-07', valor = 71.43, status = 'Pago';
INSERT INTO diarias (id, motorista_id, veiculo_id, data, valor, status) VALUES (159, 4, 3, '2025-11-08', 71.43, 'Pago') ON DUPLICATE KEY UPDATE motorista_id = 4, veiculo_id = 3, data = '2025-11-08', valor = 71.43, status = 'Pago';
INSERT INTO diarias (id, motorista_id, veiculo_id, data, valor, status) VALUES (160, 4, 3, '2025-11-09', 71.43, 'Pago') ON DUPLICATE KEY UPDATE motorista_id = 4, veiculo_id = 3, data = '2025-11-09', valor = 71.43, status = 'Pago';
INSERT INTO diarias (id, motorista_id, veiculo_id, data, valor, status) VALUES (161, 3, 4, '2025-11-23', 85.71, 'Pago') ON DUPLICATE KEY UPDATE motorista_id = 3, veiculo_id = 4, data = '2025-11-23', valor = 85.71, status = 'Pago';
INSERT INTO diarias (id, motorista_id, veiculo_id, data, valor, status) VALUES (162, 3, 4, '2025-11-24', 85.71, 'Pago') ON DUPLICATE KEY UPDATE motorista_id = 3, veiculo_id = 4, data = '2025-11-24', valor = 85.71, status = 'Pago';
INSERT INTO diarias (id, motorista_id, veiculo_id, data, valor, status) VALUES (163, 3, 4, '2025-12-07', 85.71, 'Pago') ON DUPLICATE KEY UPDATE motorista_id = 3, veiculo_id = 4, data = '2025-12-07', valor = 85.71, status = 'Pago';
INSERT INTO diarias (id, motorista_id, veiculo_id, data, valor, status) VALUES (164, 3, 4, '2025-11-30', 85.71, 'Pago') ON DUPLICATE KEY UPDATE motorista_id = 3, veiculo_id = 4, data = '2025-11-30', valor = 85.71, status = 'Pago';
INSERT INTO diarias (id, motorista_id, veiculo_id, data, valor, status) VALUES (165, 3, 4, '2025-12-03', 85.71, 'Pago') ON DUPLICATE KEY UPDATE motorista_id = 3, veiculo_id = 4, data = '2025-12-03', valor = 85.71, status = 'Pago';
INSERT INTO diarias (id, motorista_id, veiculo_id, data, valor, status) VALUES (166, 3, 4, '2025-12-05', 85.71, 'Pago') ON DUPLICATE KEY UPDATE motorista_id = 3, veiculo_id = 4, data = '2025-12-05', valor = 85.71, status = 'Pago';
INSERT INTO diarias (id, motorista_id, veiculo_id, data, valor, status) VALUES (167, 3, 4, '2025-12-06', 85.71, 'Pago') ON DUPLICATE KEY UPDATE motorista_id = 3, veiculo_id = 4, data = '2025-12-06', valor = 85.71, status = 'Pago';
INSERT INTO diarias (id, motorista_id, veiculo_id, data, valor, status) VALUES (168, 4, 3, '2025-12-10', 71.43, 'Pago') ON DUPLICATE KEY UPDATE motorista_id = 4, veiculo_id = 3, data = '2025-12-10', valor = 71.43, status = 'Pago';
INSERT INTO diarias (id, motorista_id, veiculo_id, data, valor, status) VALUES (169, 4, 3, '2025-12-11', 71.43, 'Pago') ON DUPLICATE KEY UPDATE motorista_id = 4, veiculo_id = 3, data = '2025-12-11', valor = 71.43, status = 'Pago';
INSERT INTO diarias (id, motorista_id, veiculo_id, data, valor, status) VALUES (170, 4, 3, '2025-12-12', 71.43, 'Pago') ON DUPLICATE KEY UPDATE motorista_id = 4, veiculo_id = 3, data = '2025-12-12', valor = 71.43, status = 'Pago';
INSERT INTO diarias (id, motorista_id, veiculo_id, data, valor, status) VALUES (171, 4, 3, '2025-12-13', 71.43, 'Pago') ON DUPLICATE KEY UPDATE motorista_id = 4, veiculo_id = 3, data = '2025-12-13', valor = 71.43, status = 'Pago';
INSERT INTO diarias (id, motorista_id, veiculo_id, data, valor, status) VALUES (172, 4, 3, '2025-12-14', 71.43, 'Pago') ON DUPLICATE KEY UPDATE motorista_id = 4, veiculo_id = 3, data = '2025-12-14', valor = 71.43, status = 'Pago';

-- ============================================
-- MANUTENÇÕES
-- ============================================

INSERT INTO manutencoes (id, veiculo_id, tipo, data, valor, descricao) VALUES (128, 3, 'Corretiva', '2025-12-13', 200.00, 'Troca de óleo e filtro') ON DUPLICATE KEY UPDATE veiculo_id = 3, tipo = 'Corretiva', data = '2025-12-13', valor = 200.00, descricao = 'Troca de óleo e filtro';
INSERT INTO manutencoes (id, veiculo_id, tipo, data, valor, descricao) VALUES (116, 1, 'Preventiva', '2025-12-09', 150.00, 'Abastecimento') ON DUPLICATE KEY UPDATE veiculo_id = 1, tipo = 'Preventiva', data = '2025-12-09', valor = 150.00, descricao = 'Abastecimento';
INSERT INTO manutencoes (id, veiculo_id, tipo, data, valor, descricao) VALUES (117, 1, 'Preventiva', '2025-12-09', 150.00, 'Abastecimento') ON DUPLICATE KEY UPDATE veiculo_id = 1, tipo = 'Preventiva', data = '2025-12-09', valor = 150.00, descricao = 'Abastecimento';
INSERT INTO manutencoes (id, veiculo_id, tipo, data, valor, descricao) VALUES (121, 4, 'Preventiva', '2025-12-09', 120.00, 'Bieleta') ON DUPLICATE KEY UPDATE veiculo_id = 4, tipo = 'Preventiva', data = '2025-12-09', valor = 120.00, descricao = 'Bieleta';
INSERT INTO manutencoes (id, veiculo_id, tipo, data, valor, descricao) VALUES (122, 4, 'Preventiva', '2025-12-09', 560.00, 'Hocimetica') ON DUPLICATE KEY UPDATE veiculo_id = 4, tipo = 'Preventiva', data = '2025-12-09', valor = 560.00, descricao = 'Hocimetica';
INSERT INTO manutencoes (id, veiculo_id, tipo, data, valor, descricao) VALUES (123, 4, 'Preventiva', '2025-12-09', 54.00, 'Bucha da bandeija') ON DUPLICATE KEY UPDATE veiculo_id = 4, tipo = 'Preventiva', data = '2025-12-09', valor = 54.00, descricao = 'Bucha da bandeija';
INSERT INTO manutencoes (id, veiculo_id, tipo, data, valor, descricao) VALUES (124, 4, 'Preventiva', '2025-12-09', 84.00, 'Bucha da bandeja dianteira e traseira') ON DUPLICATE KEY UPDATE veiculo_id = 4, tipo = 'Preventiva', data = '2025-12-09', valor = 84.00, descricao = 'Bucha da bandeja dianteira e traseira';
INSERT INTO manutencoes (id, veiculo_id, tipo, data, valor, descricao) VALUES (125, 4, 'Preventiva', '2025-12-09', 178.00, 'Jogo de pastilha') ON DUPLICATE KEY UPDATE veiculo_id = 4, tipo = 'Preventiva', data = '2025-12-09', valor = 178.00, descricao = 'Jogo de pastilha';
INSERT INTO manutencoes (id, veiculo_id, tipo, data, valor, descricao) VALUES (126, 4, 'Preventiva', '2025-12-09', 310.00, 'Mão de obra') ON DUPLICATE KEY UPDATE veiculo_id = 4, tipo = 'Preventiva', data = '2025-12-09', valor = 310.00, descricao = 'Mão de obra';
INSERT INTO manutencoes (id, veiculo_id, tipo, data, valor, descricao) VALUES (127, 4, 'Preventiva', '2025-12-09', 60.00, 'Alinhamento') ON DUPLICATE KEY UPDATE veiculo_id = 4, tipo = 'Preventiva', data = '2025-12-09', valor = 60.00, descricao = 'Alinhamento';
INSERT INTO manutencoes (id, veiculo_id, tipo, data, valor, descricao) VALUES (120, 4, 'Preventiva', '2025-12-06', 600.00, 'Troca de pneus') ON DUPLICATE KEY UPDATE veiculo_id = 4, tipo = 'Preventiva', data = '2025-12-06', valor = 600.00, descricao = 'Troca de pneus';
INSERT INTO manutencoes (id, veiculo_id, tipo, data, valor, descricao) VALUES (115, 1, 'Preventiva', '2025-12-05', 200.00, 'Abastecimento') ON DUPLICATE KEY UPDATE veiculo_id = 1, tipo = 'Preventiva', data = '2025-12-05', valor = 200.00, descricao = 'Abastecimento';
INSERT INTO manutencoes (id, veiculo_id, tipo, data, valor, descricao) VALUES (114, 1, 'Preventiva', '2025-12-04', 150.00, 'Abastecimento') ON DUPLICATE KEY UPDATE veiculo_id = 1, tipo = 'Preventiva', data = '2025-12-04', valor = 150.00, descricao = 'Abastecimento';
INSERT INTO manutencoes (id, veiculo_id, tipo, data, valor, descricao) VALUES (113, 1, 'Preventiva', '2025-12-03', 150.00, 'Abastecimento') ON DUPLICATE KEY UPDATE veiculo_id = 1, tipo = 'Preventiva', data = '2025-12-03', valor = 150.00, descricao = 'Abastecimento';
INSERT INTO manutencoes (id, veiculo_id, tipo, data, valor, descricao) VALUES (112, 1, 'Preventiva', '2025-12-01', 138.00, 'Abastecimento') ON DUPLICATE KEY UPDATE veiculo_id = 1, tipo = 'Preventiva', data = '2025-12-01', valor = 138.00, descricao = 'Abastecimento';
INSERT INTO manutencoes (id, veiculo_id, tipo, data, valor, descricao) VALUES (118, 3, 'Preventiva', '2025-11-30', 210.90, 'Seguro veicular') ON DUPLICATE KEY UPDATE veiculo_id = 3, tipo = 'Preventiva', data = '2025-11-30', valor = 210.90, descricao = 'Seguro veicular';
INSERT INTO manutencoes (id, veiculo_id, tipo, data, valor, descricao) VALUES (119, 1, 'Preventiva', '2025-11-30', 226.57, 'Seguro veicular') ON DUPLICATE KEY UPDATE veiculo_id = 1, tipo = 'Preventiva', data = '2025-11-30', valor = 226.57, descricao = 'Seguro veicular';
INSERT INTO manutencoes (id, veiculo_id, tipo, data, valor, descricao) VALUES (111, 1, 'Preventiva', '2025-11-29', 100.00, 'Abastecimento') ON DUPLICATE KEY UPDATE veiculo_id = 1, tipo = 'Preventiva', data = '2025-11-29', valor = 100.00, descricao = 'Abastecimento';
INSERT INTO manutencoes (id, veiculo_id, tipo, data, valor, descricao) VALUES (99, 1, 'Preventiva', '2025-11-28', 1139.25, 'Troca do óleo de transmissão automática') ON DUPLICATE KEY UPDATE veiculo_id = 1, tipo = 'Preventiva', data = '2025-11-28', valor = 1139.25, descricao = 'Troca do óleo de transmissão automática';
INSERT INTO manutencoes (id, veiculo_id, tipo, data, valor, descricao) VALUES (110, 1, 'Preventiva', '2025-11-28', 150.00, 'Abastecimento') ON DUPLICATE KEY UPDATE veiculo_id = 1, tipo = 'Preventiva', data = '2025-11-28', valor = 150.00, descricao = 'Abastecimento';
INSERT INTO manutencoes (id, veiculo_id, tipo, data, valor, descricao) VALUES (97, 3, 'Preventiva', '2025-11-26', 550.00, 'Troca da embreagem') ON DUPLICATE KEY UPDATE veiculo_id = 3, tipo = 'Preventiva', data = '2025-11-26', valor = 550.00, descricao = 'Troca da embreagem';
INSERT INTO manutencoes (id, veiculo_id, tipo, data, valor, descricao) VALUES (98, 3, 'Preventiva', '2025-11-26', 550.00, 'Mão de obra') ON DUPLICATE KEY UPDATE veiculo_id = 3, tipo = 'Preventiva', data = '2025-11-26', valor = 550.00, descricao = 'Mão de obra';
INSERT INTO manutencoes (id, veiculo_id, tipo, data, valor, descricao) VALUES (100, 1, 'Preventiva', '2025-11-26', 168.00, 'Troca junta da tampa de válvula') ON DUPLICATE KEY UPDATE veiculo_id = 1, tipo = 'Preventiva', data = '2025-11-26', valor = 168.00, descricao = 'Troca junta da tampa de válvula';
INSERT INTO manutencoes (id, veiculo_id, tipo, data, valor, descricao) VALUES (101, 1, 'Preventiva', '2025-11-26', 80.00, 'Mão de obra') ON DUPLICATE KEY UPDATE veiculo_id = 1, tipo = 'Preventiva', data = '2025-11-26', valor = 80.00, descricao = 'Mão de obra';
INSERT INTO manutencoes (id, veiculo_id, tipo, data, valor, descricao) VALUES (102, 1, 'Preventiva', '2025-11-26', 100.00, 'Balanceamento') ON DUPLICATE KEY UPDATE veiculo_id = 1, tipo = 'Preventiva', data = '2025-11-26', valor = 100.00, descricao = 'Balanceamento';
INSERT INTO manutencoes (id, veiculo_id, tipo, data, valor, descricao) VALUES (109, 1, 'Preventiva', '2025-11-26', 30.00, 'Abastecimento') ON DUPLICATE KEY UPDATE veiculo_id = 1, tipo = 'Preventiva', data = '2025-11-26', valor = 30.00, descricao = 'Abastecimento';
INSERT INTO manutencoes (id, veiculo_id, tipo, data, valor, descricao) VALUES (108, 1, 'Preventiva', '2025-11-25', 150.00, 'Abastecimento') ON DUPLICATE KEY UPDATE veiculo_id = 1, tipo = 'Preventiva', data = '2025-11-25', valor = 150.00, descricao = 'Abastecimento';
INSERT INTO manutencoes (id, veiculo_id, tipo, data, valor, descricao) VALUES (106, 4, 'Preventiva', '2025-11-24', 70.00, 'Alinhamento') ON DUPLICATE KEY UPDATE veiculo_id = 4, tipo = 'Preventiva', data = '2025-11-24', valor = 70.00, descricao = 'Alinhamento';
INSERT INTO manutencoes (id, veiculo_id, tipo, data, valor, descricao) VALUES (107, 4, 'Preventiva', '2025-11-24', 60.00, 'Regulagem do freio de mão.') ON DUPLICATE KEY UPDATE veiculo_id = 4, tipo = 'Preventiva', data = '2025-11-24', valor = 60.00, descricao = 'Regulagem do freio de mão.';
INSERT INTO manutencoes (id, veiculo_id, tipo, data, valor, descricao) VALUES (103, 1, 'Preventiva', '2025-11-20', 190.00, 'Troca do retentor do volante') ON DUPLICATE KEY UPDATE veiculo_id = 1, tipo = 'Preventiva', data = '2025-11-20', valor = 190.00, descricao = 'Troca do retentor do volante';
INSERT INTO manutencoes (id, veiculo_id, tipo, data, valor, descricao) VALUES (104, 1, 'Preventiva', '2025-11-20', 290.00, 'Troca do filtro de óleo e óleo') ON DUPLICATE KEY UPDATE veiculo_id = 1, tipo = 'Preventiva', data = '2025-11-20', valor = 290.00, descricao = 'Troca do filtro de óleo e óleo';
INSERT INTO manutencoes (id, veiculo_id, tipo, data, valor, descricao) VALUES (105, 1, 'Preventiva', '2025-11-20', 1200.00, 'Troca do retentor do volante') ON DUPLICATE KEY UPDATE veiculo_id = 1, tipo = 'Preventiva', data = '2025-11-20', valor = 1200.00, descricao = 'Troca do retentor do volante';
INSERT INTO manutencoes (id, veiculo_id, tipo, data, valor, descricao) VALUES (90, 1, 'Corretiva', '2025-11-07', 315.00, 'Troca de óleo de motor') ON DUPLICATE KEY UPDATE veiculo_id = 1, tipo = 'Corretiva', data = '2025-11-07', valor = 315.00, descricao = 'Troca de óleo de motor';
INSERT INTO manutencoes (id, veiculo_id, tipo, data, valor, descricao) VALUES (91, 1, 'Corretiva', '2025-11-07', 88.00, 'Filtro de óleo') ON DUPLICATE KEY UPDATE veiculo_id = 1, tipo = 'Corretiva', data = '2025-11-07', valor = 88.00, descricao = 'Filtro de óleo';
INSERT INTO manutencoes (id, veiculo_id, tipo, data, valor, descricao) VALUES (92, 1, 'Corretiva', '2025-11-07', 165.00, 'Junta da tampa de válvula') ON DUPLICATE KEY UPDATE veiculo_id = 1, tipo = 'Corretiva', data = '2025-11-07', valor = 165.00, descricao = 'Junta da tampa de válvula';
INSERT INTO manutencoes (id, veiculo_id, tipo, data, valor, descricao) VALUES (93, 3, 'Corretiva', '2025-11-07', 20.00, 'Tampa do reservatório de água') ON DUPLICATE KEY UPDATE veiculo_id = 3, tipo = 'Corretiva', data = '2025-11-07', valor = 20.00, descricao = 'Tampa do reservatório de água';
INSERT INTO manutencoes (id, veiculo_id, tipo, data, valor, descricao) VALUES (94, 1, 'Corretiva', '2025-11-07', 189.00, 'Óleo de motor') ON DUPLICATE KEY UPDATE veiculo_id = 1, tipo = 'Corretiva', data = '2025-11-07', valor = 189.00, descricao = 'Óleo de motor';
INSERT INTO manutencoes (id, veiculo_id, tipo, data, valor, descricao) VALUES (95, 3, 'Corretiva', '2025-11-07', 400.00, 'Troca do radiador') ON DUPLICATE KEY UPDATE veiculo_id = 3, tipo = 'Corretiva', data = '2025-11-07', valor = 400.00, descricao = 'Troca do radiador';
INSERT INTO manutencoes (id, veiculo_id, tipo, data, valor, descricao) VALUES (96, 4, 'Corretiva', '2025-11-07', 600.00, 'Troca de pneus') ON DUPLICATE KEY UPDATE veiculo_id = 4, tipo = 'Corretiva', data = '2025-11-07', valor = 600.00, descricao = 'Troca de pneus';
INSERT INTO manutencoes (id, veiculo_id, tipo, data, valor, descricao) VALUES (89, 1, 'Preventiva', '2025-11-02', 95.00, 'Abastecimento') ON DUPLICATE KEY UPDATE veiculo_id = 1, tipo = 'Preventiva', data = '2025-11-02', valor = 95.00, descricao = 'Abastecimento';
INSERT INTO manutencoes (id, veiculo_id, tipo, data, valor, descricao) VALUES (75, 3, 'Preventiva', '2025-11-01', 85.00, 'Troca da alavanca') ON DUPLICATE KEY UPDATE veiculo_id = 3, tipo = 'Preventiva', data = '2025-11-01', valor = 85.00, descricao = 'Troca da alavanca';
INSERT INTO manutencoes (id, veiculo_id, tipo, data, valor, descricao) VALUES (87, 1, 'Preventiva', '2025-10-31', 174.70, 'Abastecimento') ON DUPLICATE KEY UPDATE veiculo_id = 1, tipo = 'Preventiva', data = '2025-10-31', valor = 174.70, descricao = 'Abastecimento';
INSERT INTO manutencoes (id, veiculo_id, tipo, data, valor, descricao) VALUES (88, 1, 'Preventiva', '2025-10-31', 121.22, 'Abastecimento') ON DUPLICATE KEY UPDATE veiculo_id = 1, tipo = 'Preventiva', data = '2025-10-31', valor = 121.22, descricao = 'Abastecimento';
INSERT INTO manutencoes (id, veiculo_id, tipo, data, valor, descricao) VALUES (83, 3, 'Preventiva', '2025-10-30', 363.00, 'Alavanca cambio') ON DUPLICATE KEY UPDATE veiculo_id = 3, tipo = 'Preventiva', data = '2025-10-30', valor = 363.00, descricao = 'Alavanca cambio';
INSERT INTO manutencoes (id, veiculo_id, tipo, data, valor, descricao) VALUES (86, 1, 'Preventiva', '2025-10-30', 60.00, 'Abastecimento') ON DUPLICATE KEY UPDATE veiculo_id = 1, tipo = 'Preventiva', data = '2025-10-30', valor = 60.00, descricao = 'Abastecimento';
INSERT INTO manutencoes (id, veiculo_id, tipo, data, valor, descricao) VALUES (85, 1, 'Preventiva', '2025-10-29', 138.00, 'Abastecimento') ON DUPLICATE KEY UPDATE veiculo_id = 1, tipo = 'Preventiva', data = '2025-10-29', valor = 138.00, descricao = 'Abastecimento';
INSERT INTO manutencoes (id, veiculo_id, tipo, data, valor, descricao) VALUES (84, 1, 'Preventiva', '2025-10-27', 185.60, 'Abastecimento') ON DUPLICATE KEY UPDATE veiculo_id = 1, tipo = 'Preventiva', data = '2025-10-27', valor = 185.60, descricao = 'Abastecimento';
INSERT INTO manutencoes (id, veiculo_id, tipo, data, valor, descricao) VALUES (74, 1, 'Preventiva', '2025-10-25', 150.00, 'Abastecimento') ON DUPLICATE KEY UPDATE veiculo_id = 1, tipo = 'Preventiva', data = '2025-10-25', valor = 150.00, descricao = 'Abastecimento';
INSERT INTO manutencoes (id, veiculo_id, tipo, data, valor, descricao) VALUES (73, 1, 'Preventiva', '2025-10-23', 185.70, 'Abastecimento') ON DUPLICATE KEY UPDATE veiculo_id = 1, tipo = 'Preventiva', data = '2025-10-23', valor = 185.70, descricao = 'Abastecimento';
INSERT INTO manutencoes (id, veiculo_id, tipo, data, valor, descricao) VALUES (55, 3, 'Corretiva', '2025-10-22', 600.00, 'Troca de pneus') ON DUPLICATE KEY UPDATE veiculo_id = 3, tipo = 'Corretiva', data = '2025-10-22', valor = 600.00, descricao = 'Troca de pneus';
INSERT INTO manutencoes (id, veiculo_id, tipo, data, valor, descricao) VALUES (56, 3, 'Emergencial', '2025-10-22', 121.21, 'Vistoria DETRAN') ON DUPLICATE KEY UPDATE veiculo_id = 3, tipo = 'Emergencial', data = '2025-10-22', valor = 121.21, descricao = 'Vistoria DETRAN';
INSERT INTO manutencoes (id, veiculo_id, tipo, data, valor, descricao) VALUES (57, 3, 'Preventiva', '2025-10-22', 100.00, 'Alinhamento') ON DUPLICATE KEY UPDATE veiculo_id = 3, tipo = 'Preventiva', data = '2025-10-22', valor = 100.00, descricao = 'Alinhamento';
INSERT INTO manutencoes (id, veiculo_id, tipo, data, valor, descricao) VALUES (58, 3, 'Preventiva', '2025-10-22', 120.00, 'Balaceamento') ON DUPLICATE KEY UPDATE veiculo_id = 3, tipo = 'Preventiva', data = '2025-10-22', valor = 120.00, descricao = 'Balaceamento';
INSERT INTO manutencoes (id, veiculo_id, tipo, data, valor, descricao) VALUES (71, 1, 'Preventiva', '2025-10-21', 200.00, 'Abastecimento') ON DUPLICATE KEY UPDATE veiculo_id = 1, tipo = 'Preventiva', data = '2025-10-21', valor = 200.00, descricao = 'Abastecimento';
INSERT INTO manutencoes (id, veiculo_id, tipo, data, valor, descricao) VALUES (72, 1, 'Preventiva', '2025-10-21', 220.07, 'Abastecimento') ON DUPLICATE KEY UPDATE veiculo_id = 1, tipo = 'Preventiva', data = '2025-10-21', valor = 220.07, descricao = 'Abastecimento';
INSERT INTO manutencoes (id, veiculo_id, tipo, data, valor, descricao) VALUES (47, 2, 'Preventiva', '2025-10-20', 150.00, 'Bloqueador') ON DUPLICATE KEY UPDATE veiculo_id = 2, tipo = 'Preventiva', data = '2025-10-20', valor = 150.00, descricao = 'Bloqueador';
INSERT INTO manutencoes (id, veiculo_id, tipo, data, valor, descricao) VALUES (48, 2, 'Preventiva', '2025-10-20', 80.00, 'Adesão seguro auto') ON DUPLICATE KEY UPDATE veiculo_id = 2, tipo = 'Preventiva', data = '2025-10-20', valor = 80.00, descricao = 'Adesão seguro auto';
INSERT INTO manutencoes (id, veiculo_id, tipo, data, valor, descricao) VALUES (49, 2, 'Preventiva', '2025-10-20', 204.00, 'Seguro veicular') ON DUPLICATE KEY UPDATE veiculo_id = 2, tipo = 'Preventiva', data = '2025-10-20', valor = 204.00, descricao = 'Seguro veicular';
INSERT INTO manutencoes (id, veiculo_id, tipo, data, valor, descricao) VALUES (59, 2, 'Emergencial', '2025-10-20', 121.21, 'Vistoria DETRAN') ON DUPLICATE KEY UPDATE veiculo_id = 2, tipo = 'Emergencial', data = '2025-10-20', valor = 121.21, descricao = 'Vistoria DETRAN';
INSERT INTO manutencoes (id, veiculo_id, tipo, data, valor, descricao) VALUES (1, 2, 'Corretiva', '2025-10-18', 8.00, 'Presilhas para console') ON DUPLICATE KEY UPDATE veiculo_id = 2, tipo = 'Corretiva', data = '2025-10-18', valor = 8.00, descricao = 'Presilhas para console';
INSERT INTO manutencoes (id, veiculo_id, tipo, data, valor, descricao) VALUES (2, 2, 'Corretiva', '2025-10-18', 160.00, 'Motores para travas elétricas') ON DUPLICATE KEY UPDATE veiculo_id = 2, tipo = 'Corretiva', data = '2025-10-18', valor = 160.00, descricao = 'Motores para travas elétricas';
INSERT INTO manutencoes (id, veiculo_id, tipo, data, valor, descricao) VALUES (3, 2, 'Corretiva', '2025-10-18', 20.00, 'Fiação elétrica') ON DUPLICATE KEY UPDATE veiculo_id = 2, tipo = 'Corretiva', data = '2025-10-18', valor = 20.00, descricao = 'Fiação elétrica';
INSERT INTO manutencoes (id, veiculo_id, tipo, data, valor, descricao) VALUES (4, 2, 'Corretiva', '2025-10-18', 80.00, 'Kit central trava elétrica') ON DUPLICATE KEY UPDATE veiculo_id = 2, tipo = 'Corretiva', data = '2025-10-18', valor = 80.00, descricao = 'Kit central trava elétrica';
INSERT INTO manutencoes (id, veiculo_id, tipo, data, valor, descricao) VALUES (5, 2, 'Corretiva', '2025-10-18', 300.00, 'Mo travas elétrica 4 portas') ON DUPLICATE KEY UPDATE veiculo_id = 2, tipo = 'Corretiva', data = '2025-10-18', valor = 300.00, descricao = 'Mo travas elétrica 4 portas';
INSERT INTO manutencoes (id, veiculo_id, tipo, data, valor, descricao) VALUES (6, 2, 'Corretiva', '2025-10-18', 150.00, 'Mo console') ON DUPLICATE KEY UPDATE veiculo_id = 2, tipo = 'Corretiva', data = '2025-10-18', valor = 150.00, descricao = 'Mo console';
INSERT INTO manutencoes (id, veiculo_id, tipo, data, valor, descricao) VALUES (70, 1, 'Preventiva', '2025-10-17', 192.07, 'Abastecimento') ON DUPLICATE KEY UPDATE veiculo_id = 1, tipo = 'Preventiva', data = '2025-10-17', valor = 192.07, descricao = 'Abastecimento';
INSERT INTO manutencoes (id, veiculo_id, tipo, data, valor, descricao) VALUES (76, 3, 'Preventiva', '2025-10-14', 60.00, 'Luz interna') ON DUPLICATE KEY UPDATE veiculo_id = 3, tipo = 'Preventiva', data = '2025-10-14', valor = 60.00, descricao = 'Luz interna';
INSERT INTO manutencoes (id, veiculo_id, tipo, data, valor, descricao) VALUES (77, 3, 'Preventiva', '2025-10-14', 50.00, 'Alarme') ON DUPLICATE KEY UPDATE veiculo_id = 3, tipo = 'Preventiva', data = '2025-10-14', valor = 50.00, descricao = 'Alarme';
INSERT INTO manutencoes (id, veiculo_id, tipo, data, valor, descricao) VALUES (78, 3, 'Preventiva', '2025-10-14', 80.00, 'Painel desconfigurado') ON DUPLICATE KEY UPDATE veiculo_id = 3, tipo = 'Preventiva', data = '2025-10-14', valor = 80.00, descricao = 'Painel desconfigurado';
INSERT INTO manutencoes (id, veiculo_id, tipo, data, valor, descricao) VALUES (79, 3, 'Preventiva', '2025-10-14', 80.00, 'Rastreador') ON DUPLICATE KEY UPDATE veiculo_id = 3, tipo = 'Preventiva', data = '2025-10-14', valor = 80.00, descricao = 'Rastreador';
INSERT INTO manutencoes (id, veiculo_id, tipo, data, valor, descricao) VALUES (80, 3, 'Preventiva', '2025-10-14', 20.00, 'Paleta') ON DUPLICATE KEY UPDATE veiculo_id = 3, tipo = 'Preventiva', data = '2025-10-14', valor = 20.00, descricao = 'Paleta';
INSERT INTO manutencoes (id, veiculo_id, tipo, data, valor, descricao) VALUES (81, 3, 'Preventiva', '2025-10-14', 175.00, 'Medidor de gasolina') ON DUPLICATE KEY UPDATE veiculo_id = 3, tipo = 'Preventiva', data = '2025-10-14', valor = 175.00, descricao = 'Medidor de gasolina';
INSERT INTO manutencoes (id, veiculo_id, tipo, data, valor, descricao) VALUES (82, 3, 'Preventiva', '2025-10-14', 60.00, 'Mão de obra') ON DUPLICATE KEY UPDATE veiculo_id = 3, tipo = 'Preventiva', data = '2025-10-14', valor = 60.00, descricao = 'Mão de obra';
INSERT INTO manutencoes (id, veiculo_id, tipo, data, valor, descricao) VALUES (9, 2, 'Preventiva', '2025-10-13', 210.00, 'Óleo de motor') ON DUPLICATE KEY UPDATE veiculo_id = 2, tipo = 'Preventiva', data = '2025-10-13', valor = 210.00, descricao = 'Óleo de motor';
INSERT INTO manutencoes (id, veiculo_id, tipo, data, valor, descricao) VALUES (10, 2, 'Preventiva', '2025-10-13', 22.00, 'Filtro de óleo') ON DUPLICATE KEY UPDATE veiculo_id = 2, tipo = 'Preventiva', data = '2025-10-13', valor = 22.00, descricao = 'Filtro de óleo';
INSERT INTO manutencoes (id, veiculo_id, tipo, data, valor, descricao) VALUES (11, 2, 'Preventiva', '2025-10-13', 36.00, 'Filtro de ar') ON DUPLICATE KEY UPDATE veiculo_id = 2, tipo = 'Preventiva', data = '2025-10-13', valor = 36.00, descricao = 'Filtro de ar';
INSERT INTO manutencoes (id, veiculo_id, tipo, data, valor, descricao) VALUES (12, 2, 'Preventiva', '2025-10-13', 19.90, 'Filtro de combustível') ON DUPLICATE KEY UPDATE veiculo_id = 2, tipo = 'Preventiva', data = '2025-10-13', valor = 19.90, descricao = 'Filtro de combustível';
INSERT INTO manutencoes (id, veiculo_id, tipo, data, valor, descricao) VALUES (13, 2, 'Preventiva', '2025-10-13', 52.00, 'Coifa homocinética') ON DUPLICATE KEY UPDATE veiculo_id = 2, tipo = 'Preventiva', data = '2025-10-13', valor = 52.00, descricao = 'Coifa homocinética';
INSERT INTO manutencoes (id, veiculo_id, tipo, data, valor, descricao) VALUES (14, 2, 'Preventiva', '2025-10-13', 210.00, 'Mão de obra') ON DUPLICATE KEY UPDATE veiculo_id = 2, tipo = 'Preventiva', data = '2025-10-13', valor = 210.00, descricao = 'Mão de obra';
INSERT INTO manutencoes (id, veiculo_id, tipo, data, valor, descricao) VALUES (15, 1, 'Corretiva', '2025-10-13', 1012.00, 'Pneus 225/50 R17') ON DUPLICATE KEY UPDATE veiculo_id = 1, tipo = 'Corretiva', data = '2025-10-13', valor = 1012.00, descricao = 'Pneus 225/50 R17';
INSERT INTO manutencoes (id, veiculo_id, tipo, data, valor, descricao) VALUES (16, 1, 'Preventiva', '2025-10-13', 40.00, 'Balanceamento roda liga') ON DUPLICATE KEY UPDATE veiculo_id = 1, tipo = 'Preventiva', data = '2025-10-13', valor = 40.00, descricao = 'Balanceamento roda liga';
INSERT INTO manutencoes (id, veiculo_id, tipo, data, valor, descricao) VALUES (17, 1, 'Corretiva', '2025-10-13', 20.00, 'Bico válvula sem câmara') ON DUPLICATE KEY UPDATE veiculo_id = 1, tipo = 'Corretiva', data = '2025-10-13', valor = 20.00, descricao = 'Bico válvula sem câmara';
INSERT INTO manutencoes (id, veiculo_id, tipo, data, valor, descricao) VALUES (69, 1, 'Preventiva', '2025-10-13', 205.68, 'Abastecimento') ON DUPLICATE KEY UPDATE veiculo_id = 1, tipo = 'Preventiva', data = '2025-10-13', valor = 205.68, descricao = 'Abastecimento';
INSERT INTO manutencoes (id, veiculo_id, tipo, data, valor, descricao) VALUES (68, 1, 'Preventiva', '2025-10-12', 120.00, 'Abastecimento') ON DUPLICATE KEY UPDATE veiculo_id = 1, tipo = 'Preventiva', data = '2025-10-12', valor = 120.00, descricao = 'Abastecimento';
INSERT INTO manutencoes (id, veiculo_id, tipo, data, valor, descricao) VALUES (53, 2, 'Preventiva', '2025-10-11', 100.00, 'Alinhamento') ON DUPLICATE KEY UPDATE veiculo_id = 2, tipo = 'Preventiva', data = '2025-10-11', valor = 100.00, descricao = 'Alinhamento';
INSERT INTO manutencoes (id, veiculo_id, tipo, data, valor, descricao) VALUES (54, 2, 'Preventiva', '2025-10-11', 120.00, 'Balanceamento') ON DUPLICATE KEY UPDATE veiculo_id = 2, tipo = 'Preventiva', data = '2025-10-11', valor = 120.00, descricao = 'Balanceamento';
INSERT INTO manutencoes (id, veiculo_id, tipo, data, valor, descricao) VALUES (44, 3, 'Preventiva', '2025-10-10', 150.00, 'Bloqueador') ON DUPLICATE KEY UPDATE veiculo_id = 3, tipo = 'Preventiva', data = '2025-10-10', valor = 150.00, descricao = 'Bloqueador';
INSERT INTO manutencoes (id, veiculo_id, tipo, data, valor, descricao) VALUES (45, 3, 'Preventiva', '2025-10-10', 80.00, 'Adesão do seguro auto') ON DUPLICATE KEY UPDATE veiculo_id = 3, tipo = 'Preventiva', data = '2025-10-10', valor = 80.00, descricao = 'Adesão do seguro auto';
INSERT INTO manutencoes (id, veiculo_id, tipo, data, valor, descricao) VALUES (46, 3, 'Preventiva', '2025-10-10', 210.90, 'Seguro veicular') ON DUPLICATE KEY UPDATE veiculo_id = 3, tipo = 'Preventiva', data = '2025-10-10', valor = 210.90, descricao = 'Seguro veicular';
INSERT INTO manutencoes (id, veiculo_id, tipo, data, valor, descricao) VALUES (50, 1, 'Preventiva', '2025-10-10', 150.00, 'Bloqueador veicular') ON DUPLICATE KEY UPDATE veiculo_id = 1, tipo = 'Preventiva', data = '2025-10-10', valor = 150.00, descricao = 'Bloqueador veicular';
INSERT INTO manutencoes (id, veiculo_id, tipo, data, valor, descricao) VALUES (51, 1, 'Preventiva', '2025-10-10', 80.00, 'Adesão auto') ON DUPLICATE KEY UPDATE veiculo_id = 1, tipo = 'Preventiva', data = '2025-10-10', valor = 80.00, descricao = 'Adesão auto';
INSERT INTO manutencoes (id, veiculo_id, tipo, data, valor, descricao) VALUES (52, 1, 'Preventiva', '2025-10-10', 226.57, 'Seguro veicular') ON DUPLICATE KEY UPDATE veiculo_id = 1, tipo = 'Preventiva', data = '2025-10-10', valor = 226.57, descricao = 'Seguro veicular';
INSERT INTO manutencoes (id, veiculo_id, tipo, data, valor, descricao) VALUES (67, 1, 'Preventiva', '2025-10-10', 142.88, 'Abastecimento') ON DUPLICATE KEY UPDATE veiculo_id = 1, tipo = 'Preventiva', data = '2025-10-10', valor = 142.88, descricao = 'Abastecimento';
INSERT INTO manutencoes (id, veiculo_id, tipo, data, valor, descricao) VALUES (18, 3, 'Preventiva', '2025-10-06', 75.00, 'Correia dentada') ON DUPLICATE KEY UPDATE veiculo_id = 3, tipo = 'Preventiva', data = '2025-10-06', valor = 75.00, descricao = 'Correia dentada';
INSERT INTO manutencoes (id, veiculo_id, tipo, data, valor, descricao) VALUES (19, 3, 'Corretiva', '2025-10-06', 120.00, 'Tensor da correia') ON DUPLICATE KEY UPDATE veiculo_id = 3, tipo = 'Corretiva', data = '2025-10-06', valor = 120.00, descricao = 'Tensor da correia';
INSERT INTO manutencoes (id, veiculo_id, tipo, data, valor, descricao) VALUES (20, 3, 'Corretiva', '2025-10-06', 110.00, 'Bomba dágua') ON DUPLICATE KEY UPDATE veiculo_id = 3, tipo = 'Corretiva', data = '2025-10-06', valor = 110.00, descricao = 'Bomba dágua';
INSERT INTO manutencoes (id, veiculo_id, tipo, data, valor, descricao) VALUES (21, 3, 'Preventiva', '2025-10-06', 144.00, 'Óleo de motor') ON DUPLICATE KEY UPDATE veiculo_id = 3, tipo = 'Preventiva', data = '2025-10-06', valor = 144.00, descricao = 'Óleo de motor';
INSERT INTO manutencoes (id, veiculo_id, tipo, data, valor, descricao) VALUES (22, 3, 'Preventiva', '2025-10-06', 22.00, 'Filtro de óleo') ON DUPLICATE KEY UPDATE veiculo_id = 3, tipo = 'Preventiva', data = '2025-10-06', valor = 22.00, descricao = 'Filtro de óleo';
INSERT INTO manutencoes (id, veiculo_id, tipo, data, valor, descricao) VALUES (23, 3, 'Preventiva', '2025-10-06', 250.00, 'Mão de obra') ON DUPLICATE KEY UPDATE veiculo_id = 3, tipo = 'Preventiva', data = '2025-10-06', valor = 250.00, descricao = 'Mão de obra';
INSERT INTO manutencoes (id, veiculo_id, tipo, data, valor, descricao) VALUES (66, 1, 'Preventiva', '2025-10-04', 220.01, 'Abastecimento') ON DUPLICATE KEY UPDATE veiculo_id = 1, tipo = 'Preventiva', data = '2025-10-04', valor = 220.01, descricao = 'Abastecimento';
INSERT INTO manutencoes (id, veiculo_id, tipo, data, valor, descricao) VALUES (25, 1, 'Corretiva', '2025-09-23', 149.00, 'Pastilha') ON DUPLICATE KEY UPDATE veiculo_id = 1, tipo = 'Corretiva', data = '2025-09-23', valor = 149.00, descricao = 'Pastilha';
INSERT INTO manutencoes (id, veiculo_id, tipo, data, valor, descricao) VALUES (26, 1, 'Preventiva', '2025-09-23', 44.00, 'Filtro de óleo') ON DUPLICATE KEY UPDATE veiculo_id = 1, tipo = 'Preventiva', data = '2025-09-23', valor = 44.00, descricao = 'Filtro de óleo';
INSERT INTO manutencoes (id, veiculo_id, tipo, data, valor, descricao) VALUES (27, 1, 'Preventiva', '2025-09-23', 310.00, 'Troca de óleo') ON DUPLICATE KEY UPDATE veiculo_id = 1, tipo = 'Preventiva', data = '2025-09-23', valor = 310.00, descricao = 'Troca de óleo';
INSERT INTO manutencoes (id, veiculo_id, tipo, data, valor, descricao) VALUES (28, 1, 'Preventiva', '2025-09-23', 80.00, 'Mão de obra') ON DUPLICATE KEY UPDATE veiculo_id = 1, tipo = 'Preventiva', data = '2025-09-23', valor = 80.00, descricao = 'Mão de obra';
INSERT INTO manutencoes (id, veiculo_id, tipo, data, valor, descricao) VALUES (65, 1, 'Preventiva', '2025-09-17', 150.00, 'Abastecimento') ON DUPLICATE KEY UPDATE veiculo_id = 1, tipo = 'Preventiva', data = '2025-09-17', valor = 150.00, descricao = 'Abastecimento';
INSERT INTO manutencoes (id, veiculo_id, tipo, data, valor, descricao) VALUES (64, 1, 'Preventiva', '2025-09-15', 81.08, 'Abastecimento') ON DUPLICATE KEY UPDATE veiculo_id = 1, tipo = 'Preventiva', data = '2025-09-15', valor = 81.08, descricao = 'Abastecimento';
INSERT INTO manutencoes (id, veiculo_id, tipo, data, valor, descricao) VALUES (63, 1, 'Preventiva', '2025-09-08', 207.57, 'Abastecimento') ON DUPLICATE KEY UPDATE veiculo_id = 1, tipo = 'Preventiva', data = '2025-09-08', valor = 207.57, descricao = 'Abastecimento';
INSERT INTO manutencoes (id, veiculo_id, tipo, data, valor, descricao) VALUES (62, 1, 'Preventiva', '2025-09-04', 301.92, 'Abastecimento') ON DUPLICATE KEY UPDATE veiculo_id = 1, tipo = 'Preventiva', data = '2025-09-04', valor = 301.92, descricao = 'Abastecimento';
INSERT INTO manutencoes (id, veiculo_id, tipo, data, valor, descricao) VALUES (61, 1, 'Preventiva', '2025-09-03', 106.93, 'Abastecimento') ON DUPLICATE KEY UPDATE veiculo_id = 1, tipo = 'Preventiva', data = '2025-09-03', valor = 106.93, descricao = 'Abastecimento';

-- ============================================
-- CONTRATOS
-- ============================================

INSERT INTO contratos (id, veiculo_id, motorista_id, data_inicio, data_vencimento, duracao_dias, valor_mensal, observacoes, status) VALUES (1, 2, 2, '2025-10-19', '2026-01-17', 90, 2400.00, '', 'Ativo') ON DUPLICATE KEY UPDATE veiculo_id = 2, motorista_id = 2, data_inicio = '2025-10-19', data_vencimento = '2026-01-17', duracao_dias = 90, valor_mensal = 2400.00, observacoes = '', status = 'Ativo';
INSERT INTO contratos (id, veiculo_id, motorista_id, data_inicio, data_vencimento, duracao_dias, valor_mensal, observacoes, status) VALUES (2, 3, 4, '2025-10-21', '2026-01-19', 90, 2000.00, '', 'Ativo') ON DUPLICATE KEY UPDATE veiculo_id = 3, motorista_id = 4, data_inicio = '2025-10-21', data_vencimento = '2026-01-19', duracao_dias = 90, valor_mensal = 2000.00, observacoes = '', status = 'Ativo';
INSERT INTO contratos (id, veiculo_id, motorista_id, data_inicio, data_vencimento, duracao_dias, valor_mensal, observacoes, status) VALUES (3, 1, 5, '2025-10-19', '2026-01-17', 90, 2400.00, '', 'Ativo') ON DUPLICATE KEY UPDATE veiculo_id = 1, motorista_id = 5, data_inicio = '2025-10-19', data_vencimento = '2026-01-17', duracao_dias = 90, valor_mensal = 2400.00, observacoes = '', status = 'Ativo';
INSERT INTO contratos (id, veiculo_id, motorista_id, data_inicio, data_vencimento, duracao_dias, valor_mensal, observacoes, status) VALUES (4, 4, 3, '2025-10-21', '2026-01-19', 90, 2400.00, '', 'Ativo') ON DUPLICATE KEY UPDATE veiculo_id = 4, motorista_id = 3, data_inicio = '2025-10-21', data_vencimento = '2026-01-19', duracao_dias = 90, valor_mensal = 2400.00, observacoes = '', status = 'Ativo';


-- Finalizar transação
COMMIT;

-- Reabilitar verificações
SET FOREIGN_KEY_CHECKS = 1;
SET AUTOCOMMIT = 1;

-- ============================================
-- FIM DO SCRIPT
-- Total: 4 motoristas, 4 veículos, 153 diárias, 109 manutenções, 4 contratos, 0 financeiro
-- ============================================
